t_s,pid,kind,cpu_pct,power,mem
0,413,sys:WindowServer,17.6,17.6,609M-
0,62091,gpu-process,8.2,8.2,511M-
0,62093,renderer,4.6,4.6,131M+
0,62132,utility:audio,1.9,1.9,9953K+
0,62092,utility:network,0.2,0.2,9265K
0,62088,main,0.0,0.0,95M+
0,62133,utility:video_capture,0.0,0.0,13M
0,62090,helper,0.0,0.0,2433K
5,413,sys:WindowServer,20.4,20.4,612M+
5,62091,gpu-process,8.7,8.7,507M-
5,62093,renderer,5.0,5.0,131M+
5,62132,utility:audio,2.1,2.1,9969K+
5,62092,utility:network,0.2,0.2,9265K
5,62088,main,0.0,0.0,95M-
5,62133,utility:video_capture,0.0,0.0,13M
5,62090,helper,0.0,0.0,2433K
10,413,sys:WindowServer,22.7,22.7,610M-
10,62091,gpu-process,8.6,8.6,507M+
10,62093,renderer,4.9,4.9,132M+
10,62132,utility:audio,2.1,2.1,10M+
10,62092,utility:network,0.2,0.2,9265K
10,62088,main,0.0,0.0,95M
10,62133,utility:video_capture,0.0,0.0,13M+
10,62090,helper,0.0,0.0,2433K
15,413,sys:WindowServer,22.6,22.6,612M+
15,62091,gpu-process,9.9,9.9,510M+
15,62093,renderer,5.6,5.6,132M+
15,62132,utility:audio,2.3,2.3,9969K-
15,62092,utility:network,0.2,0.2,9265K
15,62088,main,0.0,0.0,95M
15,62133,utility:video_capture,0.0,0.0,13M-
15,62090,helper,0.0,0.0,2433K
20,413,sys:WindowServer,19.7,19.7,609M-
20,62091,gpu-process,9.5,9.5,510M+
20,62093,renderer,7.1,7.1,109M-
20,62132,utility:audio,2.0,2.0,10M+
20,62088,main,0.6,0.6,92M-
20,62092,utility:network,0.2,0.2,9265K
20,62133,utility:video_capture,0.0,0.0,13M
20,62090,helper,0.0,0.0,2433K
25,413,sys:WindowServer,18.9,18.9,588M-
25,62091,gpu-process,7.9,7.9,504M-
25,62093,renderer,4.9,4.9,110M+
25,62132,utility:audio,1.8,1.8,9969K-
25,62088,main,0.5,0.5,91M-
25,62092,utility:network,0.1,0.1,9265K
25,62133,utility:video_capture,0.0,0.0,13M-
25,62090,helper,0.0,0.0,2433K
30,413,sys:WindowServer,18.8,18.8,609M+
30,62091,gpu-process,9.9,9.9,509M+
30,62093,renderer,5.9,5.9,110M+
30,62132,utility:audio,2.2,2.2,9969K
30,62092,utility:network,0.2,0.2,9265K
30,62088,main,0.0,0.0,91M+
30,62133,utility:video_capture,0.0,0.0,13M
30,62090,helper,0.0,0.0,2433K
35,413,sys:WindowServer,22.4,22.4,589M-
35,62091,gpu-process,9.2,9.2,506M-
35,62093,renderer,5.7,5.7,111M+
35,62132,utility:audio,2.1,2.1,9969K
35,62092,utility:network,0.2,0.2,9265K
35,62088,main,0.0,0.0,91M+
35,62133,utility:video_capture,0.0,0.0,13M
35,62090,helper,0.0,0.0,2433K
40,413,sys:WindowServer,26.0,26.0,610M+
40,62091,gpu-process,8.7,8.7,504M-
40,62093,renderer,5.3,5.3,111M+
40,62132,utility:audio,2.0,2.0,9969K
40,62092,utility:network,0.2,0.2,9265K
40,62088,main,0.0,0.0,91M
40,62133,utility:video_capture,0.0,0.0,13M
40,62090,helper,0.0,0.0,2433K
45,413,sys:WindowServer,22.1,22.1,611M+
45,62091,gpu-process,9.3,9.3,507M+
45,62093,renderer,5.7,5.7,112M+
45,62132,utility:audio,2.1,2.1,9969K
45,62088,main,0.2,0.2,91M+
45,62092,utility:network,0.2,0.2,9265K
45,62133,utility:video_capture,0.0,0.0,13M
45,62090,helper,0.0,0.0,2433K
50,413,sys:WindowServer,30.4,30.4,613M+
50,62091,gpu-process,8.8,8.8,505M-
50,62093,renderer,5.7,5.7,102M-
50,62132,utility:audio,2.1,2.1,9697K-
50,62092,utility:network,0.2,0.2,8945K-
50,62088,main,0.1,0.1,87M-
50,62133,utility:video_capture,0.0,0.0,13M-
50,62090,helper,0.0,0.0,2433K
55,413,sys:WindowServer,19.6,19.6,613M
55,62091,gpu-process,9.0,9.0,505M+
55,62093,renderer,5.5,5.5,103M+
55,62132,utility:audio,2.1,2.1,9697K
55,62092,utility:network,0.2,0.2,8945K
55,62088,main,0.0,0.0,87M+
55,62133,utility:video_capture,0.0,0.0,13M
55,62090,helper,0.0,0.0,2433K
60,413,sys:WindowServer,25.5,25.5,612M-
60,62091,gpu-process,8.6,8.6,505M
60,62093,renderer,5.4,5.4,103M+
60,62132,utility:audio,2.0,2.0,9697K
60,62092,utility:network,0.2,0.2,8945K
60,62088,main,0.0,0.0,87M+
60,62133,utility:video_capture,0.0,0.0,13M
60,62090,helper,0.0,0.0,2433K
65,413,sys:WindowServer,30.5,30.5,591M-
65,62091,gpu-process,8.4,8.4,505M+
65,62093,renderer,5.3,5.3,103M+
65,62132,utility:audio,2.0,2.0,9697K
65,62092,utility:network,0.2,0.2,8961K+
65,62088,main,0.0,0.0,87M
65,62133,utility:video_capture,0.0,0.0,13M
65,62090,helper,0.0,0.0,2433K
70,413,sys:WindowServer,30.5,30.5,613M+
70,62091,gpu-process,8.4,8.4,505M+
70,62093,renderer,5.5,5.5,103M+
70,62132,utility:audio,2.1,2.1,9697K
70,62092,utility:network,0.2,0.2,8961K
70,62088,main,0.0,0.0,87M+
70,62133,utility:video_capture,0.0,0.0,13M
70,62090,helper,0.0,0.0,2433K
75,413,sys:WindowServer,34.1,34.1,612M-
75,62091,gpu-process,11.8,11.8,505M
75,62093,renderer,8.0,8.0,103M-
75,62132,utility:audio,3.1,3.1,9697K
75,62092,utility:network,0.3,0.3,8961K
75,62088,main,0.0,0.0,87M+
75,62133,utility:video_capture,0.0,0.0,13M
75,62090,helper,0.0,0.0,2433K
80,413,sys:WindowServer,29.7,29.7,609M-
80,62091,gpu-process,9.8,9.8,505M-
80,62093,renderer,6.9,6.9,103M-
80,62132,utility:audio,2.7,2.7,9697K
80,62092,utility:network,0.3,0.3,8961K
80,62088,main,0.0,0.0,87M+
80,62133,utility:video_capture,0.0,0.0,13M
80,62090,helper,0.0,0.0,2433K
85,413,sys:WindowServer,26.5,26.5,612M+
85,62091,gpu-process,8.2,8.2,505M+
85,62093,renderer,5.6,5.6,103M+
85,62132,utility:audio,2.2,2.2,9697K
85,62092,utility:network,0.2,0.2,8961K
85,62088,main,0.0,0.0,87M+
85,62133,utility:video_capture,0.0,0.0,13M
85,62090,helper,0.0,0.0,2433K
